regions,county,primary_city,zip
,Lake County,Antioch,60002
,Cook County,Arlington Heights,60004
,Cook County,Arlington Heights,60005
,Cook County,Elk Grove Village,60007
,Cook County,Rolling Meadows,60008
,Lake County,Barrington,60010
,McHenry County,Crystal Lake,60012
,McHenry County,Cary,60013
,McHenry County,Crystal Lake,60014
,Lake County,Deerfield,60015
,Cook County,Des Plaines,60016
,Cook County,Des Plaines,60018
,Lake County,Fox Lake,60020
,McHenry County,Fox River Grove,60021
,Cook County,Glencoe,60022
,Cook County,Glenview,60025
,Cook County,Glenview,60026
,Lake County,Grayslake,60030
,Lake County,Gurnee,60031
,McHenry County,Harvard,60033
,Lake County,Highland Park,60035
,Lake County,Highwood,60040
,Lake County,Ingleside,60041
,McHenry County,Island Lake,60042
,Cook County,Kenilworth,60043
,Lake County,Lake Bluff,60044
,Lake County,Lake Forest,60045
,Lake County,Lake Villa,60046
,Lake County,Lake Zurich,60047
,Lake County,Libertyville,60048
,McHenry County,Mchenry,60050
,McHenry County,Mchenry,60051
,Cook County,Morton Grove,60053
,Cook County,Mount Prospect,60056
,Lake County,Mundelein,60060
,Lake County,Vernon Hills,60061
,Cook County,Northbrook,60062
,Lake County,North Chicago,60064
,Cook County,Palatine,60067
,Cook County,Park Ridge,60068
,Lake County,Lincolnshire,60069
,Cook County,Prospect Heights,60070
,McHenry County,Richmond,60071
,Lake County,Round Lake,60073
,Cook County,Palatine,60074
,Cook County,Skokie,60076
,Cook County,Skokie,60077
,McHenry County,Spring Grove,60081
,Lake County,Wadsworth,60083
,Lake County,Wauconda,60084
,Lake County,Waukegan,60085
,Lake County,Waukegan,60087
,Lake County,Great Lakes,60088
,Lake County,Buffalo Grove,60089
,Cook County,Wheeling,60090
,Cook County,Wilmette,60091
,Cook County,Winnetka,60093
,Lake County,Winthrop Harbor,60096
,McHenry County,Wonder Lake,60097
,McHenry County,Woodstock,60098
,Lake County,Zion,60099
,DuPage County,Addison,60101
,McHenry County,Algonquin,60102
,DuPage County,Bartlett,60103
,Cook County,Bellwood,60104
,DuPage County,Bensenville,60106
,Cook County,Streamwood,60107
,DuPage County,Bloomingdale,60108
,Kane County,Carpentersville,60110
,DeKalb County,Cortland,60112
,DeKalb County,Dekalb,60115
,Kane County,Dundee,60118
,Kane County,Elburn,60119
,Kane County,Elgin,60120
,Kane County,Elgin,60123
,Kane County,Elgin,60124
,DuPage County,Elmhurst,60126
,Cook County,Forest Park,60130
,Cook County,Franklin Park,60131
,Cook County,Hanover Park,60133
,Kane County,Geneva,60134
,DeKalb County,Genoa,60135
,Kane County,Gilberts,60136
,DuPage County,Glen Ellyn,60137
,DuPage County,Glendale Heights,60139
,Kane County,Hampshire,60140
,Cook County,Hines,60141
,McHenry County,Huntley,60142
,DuPage County,Itasca,60143
,DuPage County,Lombard,60148
,McHenry County,Marengo,60152
,Cook County,Maywood,60153
,Cook County,Westchester,60154
,Cook County,Broadview,60155
,McHenry County,Lake In The Hills,60156
,DuPage County,Medinah,60157
,Cook County,Melrose Park,60160
,Cook County,Hillside,60162
,Cook County,Berkeley,60163
,Cook County,Melrose Park,60164
,Cook County,Stone Park,60165
,Cook County,Hoffman Estates,60169
,Cook County,River Grove,60171
,DuPage County,Roselle,60172
,Cook County,Schaumburg,60173
,Kane County,Saint Charles,60174
,Kane County,Saint Charles,60175
,Cook County,Schiller Park,60176
,Kane County,South Elgin,60177
,DeKalb County,Sycamore,60178
,DuPage County,Villa Park,60181
,DuPage County,West Chicago,60185
,DuPage County,Wheaton,60187
,DuPage County,Carol Stream,60188
,DuPage County,Wheaton,60189
,DuPage County,Winfield,60190
,DuPage County,Wood Dale,60191
,Cook County,Hoffman Estates,60192
,Cook County,Schaumburg,60193
,Cook County,Schaumburg,60194
,Cook County,Schaumburg,60195
,Cook County,Evanston,60201
,Cook County,Evanston,60202
,Cook County,Evanston,60203
,Cook County,Oak Park,60301
,Cook County,Oak Park,60302
,Cook County,Oak Park,60304
,Cook County,River Forest,60305
,Will County,Beecher,60401
,Cook County,Berwyn,60402
,Will County,Crest Hill,60403
,Will County,Shorewood,60404
,Cook County,Blue Island,60406
,Will County,Braidwood,60408
,Cook County,Calumet City,60409
,Will County,Channahon,60410
,Cook County,Chicago Heights,60411
,Cook County,Chicago Ridge,60415
,Will County,Crete,60417
,Cook County,Crestwood,60418
,Cook County,Dolton,60419
,Cook County,Flossmoor,60422
,Will County,Frankfort,60423
,Cook County,Glenwood,60425
,Cook County,Harvey,60426
,Cook County,Markham,60428
,Cook County,Hazel Crest,60429
,Cook County,Homewood,60430
,Will County,Joliet,60431
,Will County,Joliet,60432
,Will County,Joliet,60433
,Will County,Joliet,60434
,Will County,Joliet,60435
,Will County,Joliet,60436
,Cook County,Lansing,60438
,Cook County,Lemont,60439
,Will County,Bolingbrook,60440
,Will County,Lockport,60441
,Will County,Manhattan,60442
,Cook County,Matteson,60443
,Cook County,Midlothian,60445
,Will County,Romeoville,60446
,Grundy County,Minooka,60447
,Will County,Mokena,60448
,Will County,Monee,60449
,Grundy County,Morris,60450
,Will County,New Lenox,60451
,Cook County,Oak Forest,60452
,Cook County,Oak Lawn,60453
,Cook County,Bridgeview,60455
,Cook County,Hometown,60456
,Cook County,Hickory Hills,60457
,Cook County,Justice,60458
,Cook County,Burbank,60459
,Cook County,Olympia Fields,60461
,Cook County,Orland Park,60462
,Cook County,Palos Heights,60463
,Cook County,Palos Park,60464
,Cook County,Palos Hills,60465
,Cook County,Park Forest,60466
,Cook County,Orland Park,60467
,Will County,Peotone,60468
,Cook County,Posen,60469
,Cook County,Richton Park,60471
,Cook County,Robbins,60472
,Cook County,South Holland,60473
,Will County,Steger,60475
,Cook County,Thornton,60476
,Cook County,Tinley Park,60477
,Cook County,Country Club Hills,60478
,Cook County,Willow Springs,60480
,Will County,Wilmington,60481
,Cook County,Worth,60482
,Will County,University Park,60484
,Cook County,Tinley Park,60487
,Will County,Bolingbrook,60490
,Will County,Homer Glen,60491
,Cook County,Summit Argo,60501
,DuPage County,Aurora,60502
,Will County,Aurora,60503
,DuPage County,Aurora,60504
,Kane County,Aurora,60505
,Kane County,Aurora,60506
,Kane County,Batavia,60510
,Cook County,Brookfield,60513
,DuPage County,Clarendon Hills,60514
,DuPage County,Downers Grove,60515
,DuPage County,Downers Grove,60516
,DuPage County,Woodridge,60517
,DuPage County,Hinsdale,60521
,DuPage County,Oak Brook,60523
,Cook County,La Grange,60525
,Cook County,La Grange Park,60526
,DuPage County,Willowbrook,60527
,DuPage County,Lisle,60532
,Cook County,Lyons,60534
,Kendall County,Montgomery,60538
,DuPage County,Naperville,60540
,Kane County,North Aurora,60542
,Kendall County,Oswego,60543
,Will County,Plainfield,60544
,Kendall County,Plano,60545
,Cook County,Riverside,60546
,DeKalb County,Sandwich,60548
,LaSalle County,Sheridan,60551
,Kane County,Sugar Grove,60554
,DuPage County,Warrenville,60555
,Cook County,Western Springs,60558
,DuPage County,Westmont,60559
,Kendall County,Yorkville,60560
,DuPage County,Darien,60561
,DuPage County,Naperville,60563
,Will County,Naperville,60564
,DuPage County,Naperville,60565
,Will County,Plainfield,60585
,Will County,Plainfield,60586
,Cook County,Chicago,60601
,Cook County,Chicago,60602
,Cook County,Chicago,60604
,Cook County,Chicago,60605
,Cook County,Chicago,60606
,Cook County,Chicago,60607
,Cook County,Chicago,60608
,Cook County,Chicago,60609
,Cook County,Chicago,60610
,Cook County,Chicago,60611
,Cook County,Chicago,60612
,Cook County,Chicago,60613
,Cook County,Chicago,60614
,Cook County,Chicago,60615
,Cook County,Chicago,60616
,Cook County,Chicago,60617
,Cook County,Chicago,60618
,Cook County,Chicago,60619
,Cook County,Chicago,60620
,Cook County,Chicago,60621
,Cook County,Chicago,60622
,Cook County,Chicago,60623
,Cook County,Chicago,60624
,Cook County,Chicago,60625
,Cook County,Chicago,60626
,Cook County,Chicago,60628
,Cook County,Chicago,60629
,Cook County,Chicago,60630
,Cook County,Chicago,60631
,Cook County,Chicago,60632
,Cook County,Chicago,60633
,Cook County,Chicago,60634
,Cook County,Chicago,60636
,Cook County,Chicago,60637
,Cook County,Chicago,60638
,Cook County,Chicago,60639
,Cook County,Chicago,60640
,Cook County,Chicago,60641
,Cook County,Chicago,60642
,Cook County,Chicago,60643
,Cook County,Chicago,60644
,Cook County,Chicago,60645
,Cook County,Chicago,60646
,Cook County,Chicago,60647
,Cook County,Chicago,60649
,Cook County,Chicago,60651
,Cook County,Chicago,60652
,Cook County,Chicago,60653
,Cook County,Chicago,60654
,Cook County,Chicago,60655
,Cook County,Chicago,60656
,Cook County,Chicago,60657
,Cook County,Chicago,60659
,Cook County,Chicago,60660
,Cook County,Chicago,60661
,Cook County,Harwood Heights,60706
,Cook County,Elmwood Park,60707
,Cook County,Lincolnwood,60712
,Cook County,Niles,60714
,Cook County,Alsip,60803
,Cook County,Cicero,60804
,Cook County,Evergreen Park,60805
,Cook County,Riverdale,60827
,Kankakee County,Kankakee,60901
,Kankakee County,Bourbonnais,60914
,Kankakee County,Bradley,60915
,Kankakee County,Chebanse,60922
,Iroquois County,Clifton,60927
,Kankakee County,Manteno,60950
,Kankakee County,Momence,60954
,Kankakee County,Pembroke Township,60958
,Kankakee County,Saint Anne,60964
,Boone County,Belvidere,61008
,Winnebago County,Cherry Valley,61016
,Lee County,Dixon,61021
,Stephenson County,Freeport,61032
,Ogle County,Polo,61064
,Boone County,Poplar Grove,61065
,Ogle County,Rochelle,61068
,Whiteside County,Rock Falls,61071
,Winnebago County,Rockton,61072
,Winnebago County,Roscoe,61073
,Winnebago County,South Beloit,61080
,Whiteside County,Sterling,61081
,Ogle County,Stillman Valley,61084
,Winnebago County,Rockford,61101
,Winnebago County,Rockford,61102
,Winnebago County,Rockford,61103
,Winnebago County,Rockford,61104
,Winnebago County,Rockford,61107
,Winnebago County,Rockford,61108
,Winnebago County,Rockford,61109
,Winnebago County,Loves Park,61111
,Winnebago County,Rockford,61114
,Winnebago County,Machesney Park,61115
,Rock Island County,Rock Island,61201
,Henry County,Atkinson,61235
,Rock Island County,Coal Valley,61240
,Henry County,Colona,61241
,Rock Island County,East Moline,61244
,Whiteside County,Fulton,61252
,Henry County,Geneseo,61254
,Rock Island County,Milan,61264
,Rock Island County,Moline,61265
,Whiteside County,Morrison,61270
,Rock Island County,Port Byron,61275
,Rock Island County,Silvis,61282
,LaSalle County,Marseilles,61341
,LaSalle County,Mendota,61342
,LaSalle County,Ottawa,61350
,Bureau County,Princeton,61356
,Knox County,Galesburg,61401
,Henry County,Kewanee,61443
,McDonough County,Macomb,61455
,Warren County,Monmouth,61462
,Peoria County,Dunlap,61525
,Woodford County,Metamora,61548
,Tazewell County,Pekin,61554
,Peoria County,Peoria,61603
,Peoria County,Peoria,61604
,Peoria County,Peoria,61605
,Tazewell County,East Peoria,61611
,Peoria County,Peoria,61614
,Peoria County,Peoria,61615
,McLean County,Bloomington,61701
,McLean County,Bloomington,61704
,McLean County,Bloomington,61705
,McLean County,Normal,61761
,Livingston County,Pontiac,61764
,Champaign County,Urbana,61801
,Champaign County,Urbana,61802
,Champaign County,Champaign,61820
,Champaign County,Champaign,61821
,Champaign County,Champaign,61822
,Vermilion County,Danville,61832
,Champaign County,Mahomet,61853
,Champaign County,Rantoul,61866
,Champaign County,Savoy,61874
,Douglas County,Arcola,61910
,Coles County,Charleston,61920
,Coles County,Mattoon,61938
,Douglas County,Tuscola,61953
,Madison County,Alton,62002
,Madison County,Bethalto,62010
,Madison County,East Alton,62024
,Madison County,Edwardsville,62025
,Madison County,Glen Carbon,62034
,Madison County,Godfrey,62035
,Madison County,Granite City,62040
,Jersey County,Jerseyville,62052
,Montgomery County,Litchfield,62056
,Madison County,Madison,62060
,Madison County,Maryville,62062
,Macoupin County,Mount Olive,62069
,Macoupin County,Staunton,62088
,Madison County,Venice,62090
,Madison County,Wood River,62095
,St. Clair County,East Saint Louis,62201
,St. Clair County,East Saint Louis,62203
,St. Clair County,East Saint Louis,62204
,St. Clair County,East Saint Louis,62205
,St. Clair County,East Saint Louis,62206
,St. Clair County,East Saint Louis,62207
,St. Clair County,Fairview Heights,62208
,St. Clair County,Belleville,62220
,St. Clair County,Belleville,62221
,St. Clair County,Belleville,62223
,St. Clair County,Belleville,62226
,Clinton County,Breese,62230
,Clinton County,Carlyle,62231
,St. Clair County,Caseyville,62232
,Randolph County,Chester,62233
,Madison County,Collinsville,62234
,Monroe County,Columbia,62236
,St. Clair County,Dupo,62239
,Madison County,Highland,62249
,St. Clair County,Lebanon,62254
,St. Clair County,Marissa,62257
,St. Clair County,Mascoutah,62258
,Clinton County,New Baden,62265
,St. Clair County,O Fallon,62269
,Randolph County,Percy,62272
,Perry County,Pinckneyville,62274
,Randolph County,Red Bud,62278
,Randolph County,Sparta,62286
,Randolph County,Steeleville,62288
,Madison County,Troy,62294
,Monroe County,Valmeyer,62295
,Monroe County,Waterloo,62298
,Adams County,Quincy,62301
,Adams County,Quincy,62305
,Jasper County,Newton,62448
,Crawford County,Robinson,62454
,Fayette County,Vandalia,62471
,Macon County,Decatur,62521
,Macon County,Decatur,62522
,Macon County,Decatur,62526
,Shelby County,Shelbyville,62565
,Christian County,Taylorville,62568
,Cass County,Beardstown,62618
,Sangamon County,Chatham,62629
,Morgan County,Jacksonville,62650
,Logan County,Lincoln,62656
,Mason County,Mason City,62664
,Sangamon County,Sherman,62684
,Sangamon County,Springfield,62702
,Sangamon County,Springfield,62703
,Sangamon County,Springfield,62704
,Sangamon County,Springfield,62707
,Sangamon County,Springfield,62711
,Marion County,Centralia,62801
,Perry County,Du Quoin,62832
,Jefferson County,Mount Vernon,62864
,Jackson County,Carbondale,62901
,Jackson County,Carbondale,62902
,Union County,Anna,62906
,Jackson County,Ava,62907
,Williamson County,Carterville,62918
,Union County,Cobden,62920
,Williamson County,Herrin,62948
,Williamson County,Marion,62959
,Jackson County,Murphysboro,62966
,Pulaski County,Ullin,62992
,LaSalle County,Somonauk,60552
,St. Clair County,Smithton,62285
,McHenry County,Alden,60001
,Cook County,Arlington Heights,60006
,Cook County,Elk Grove Village,60009
,Cook County,Barrington,60011
,Cook County,Des Plaines,60017
,Cook County,Des Plaines,60019
,Cook County,Golf,60029
,McHenry County,Hebron,60034
,Lake County,Fort Sheridan,60037
,Cook County,Palatine,60038
,Mchenry County,Crystal Lake,60039
,Lake County,Lake Zurich,60049
,Cook County,Palatine,60055
,Cook County,Northbrook,60065
,McHenry County,Ringwood,60072
,Lake County,Russell,60075
,Cook County,Palatine,60078
,Lake County,Waukegan,60079
,Cook County,Techny,60082
,Lake County,North Chicago,60086
,Lake County,Libertyville,60092
,Cook County,Palatine,60094
,Cook County,Palatine,60095
,Dupage County,Bensenville,60105
,Kane County,Burlington,60109
,DeKalb County,Clare,60111
,Ogle County,Creston,60113
,Dupage County,Carol Stream,60116
,Dupage County,Bloomingdale,60117
,Kane County,Elgin,60121
,Dupage County,Carol Stream,60122
,Dupage County,Carol Stream,60125
,Dupage County,Carol Stream,60128
,DeKalb County,Esmond,60129
,Dupage County,Carol Stream,60132
,Dupage County,Glen Ellyn,60138
,Kane County,Kaneville,60144
,DeKalb County,Kingston,60145
,DeKalb County,Kirkland,60146
,Kane County,Lafox,60147
,DeKalb County,Malta,60150
,Kane County,Maple Park,60151
,Cook County,Schaumburg,60159
,Cook County,Melrose Park,60161
,Cook County,Schaumburg,60168
,Kane County,Plato Center,60170
,Cook County,Hoffman Estates,60179
,McHenry County,Union,60180
,Kane County,Wasco,60183
,DuPage County,Wayne,60184
,Dupage County,West Chicago,60186
,Cook County,Schaumburg,60196
,Dupage County,Carol Stream,60197
,Dupage County,Carol Stream,60199
,Cook County,Evanston,60204
,Cook County,Evanston,60208
,Cook County,Evanston,60209
,Cook County,Chicago,60290
,Cook County,Oak Park,60303
,Dupage County,Wood Dale,60399
,Grundy County,Braceville,60407
,Cook County,Chicago Heights,60412
,Grundy County,Coal City,60416
,Livingston County,Dwight,60420
,Will County,Elwood,60421
,Grundy County,Gardner,60424
,Grundy County,Kinsman,60437
,Grundy County,Mazon,60444
,Cook County,Oak Lawn,60454
,Livingston County,Odell,60460
,LaSalle County,Ransom,60470
,Grundy County,South Wilmington,60474
,Grundy County,Verona,60479
,Cook County,Bedford Park,60499
,Kane County,Aurora,60507
,Kane County,Big Rock,60511
,Kendall County,Bristol,60512
,LaSalle County,Earlville,60518
,DuPage County,Eola,60519
,DeKalb County,Hinckley,60520
,Dupage County,Hinsdale,60522
,Lee County,Lee,60530
,LaSalle County,Leland,60531
,Kendall County,Millbrook,60536
,LaSalle County,Millington,60537
,Kane County,Mooseheart,60539
,Kendall County,Newark,60541
,LaSalle County,Serena,60549
,DeKalb County,Shabbona,60550
,Lee County,Steward,60553
,DeKalb County,Waterman,60556
,LaSalle County,Wedron,60557
,Dupage County,Naperville,60566
,Dupage County,Naperville,60567
,Kane County,Aurora,60568
,,Aurora,60569
,Dupage County,Hinsdale,60570
,Kane County,Aurora,60572
,Dupage County,Fox Valley,60597
,Kane County,Aurora,60598
,Dupage County,Fox Valley,60599
,Cook County,Chicago,60603
,Cook County,Chicago,60663
,Cook County,Chicago,60664
,Cook County,Chicago,60666
,Cook County,Chicago,60668
,Cook County,Chicago,60669
,Cook County,Chicago,60670
,Cook County,Chicago,60673
,Cook County,Chicago,60674
,Cook County,Chicago,60675
,Cook County,Chicago,60677
,Cook County,Chicago,60678
,Cook County,Chicago,60679
,Cook County,Chicago,60680
,Cook County,Chicago,60681
,Cook County,Chicago,60682
,Cook County,Chicago,60684
,Cook County,Chicago,60685
,Cook County,Chicago,60686
,Cook County,Chicago,60687
,Cook County,Chicago,60688
,Cook County,Chicago,60689
,Cook County,Chicago,60690
,Cook County,Chicago,60691
,Cook County,Chicago,60693
,Cook County,Chicago,60694
,Cook County,Chicago,60695
,Cook County,Chicago,60696
,Cook County,Chicago,60697
,Cook County,Chicago,60699
,Cook County,Chicago,60701
,Kankakee County,Aroma Park,60910
,Iroquois County,Ashkum,60911
,Iroquois County,Beaverville,60912
,Kankakee County,Bonfield,60913
,Kankakee County,Buckingham,60917
,Iroquois County,Buckley,60918
,Ford County,Cabery,60919
,Livingston County,Campus,60920
,Livingston County,Chatsworth,60921
,Iroquois County,Cissna Park,60924
,Iroquois County,Claytonville,60926
,Iroquois County,Crescent City,60928
,Livingston County,Cullom,60929
,Iroquois County,Danforth,60930
,Iroquois County,Donovan,60931
,Vermilion County,East Lynn,60932
,Ford County,Elliott,60933
,Livingston County,Emington,60934
,Kankakee County,Essex,60935
,Ford County,Gibson City,60936
,Iroquois County,Gilman,60938
,Iroquois County,Goodwine,60939
,Kankakee County,Grant Park,60940
,Kankakee County,Herscher,60941
,Vermilion County,Hoopeston,60942
,Kankakee County,Hopkins Park,60944
,Iroquois County,Iroquois,60945
,Ford County,Kempton,60946
,Iroquois County,Loda,60948
,Champaign County,Ludlow,60949
,Iroquois County,Martinton,60951
,Ford County,Melvin,60952
,Iroquois County,Milford,60953
,Iroquois County,Onarga,60955
,Iroquois County,Papineau,60956
,Ford County,Paxton,60957
,Ford County,Piper City,60959
,Vermilion County,Rankin,60960
,Kankakee County,Reddick,60961
,Ford County,Roberts,60962
,Vermilion County,Rossville,60963
,Iroquois County,Sheldon,60966
,Iroquois County,Stockland,60967
,Iroquois County,Thawville,60968
,Kankakee County,Union Hill,60969
,Iroquois County,Watseka,60970
,Iroquois County,Wellington,60973
,Iroquois County,Woodland,60974
,Jo Daviess County,Apple River,61001
,Lee County,Ashton,61006
,Ogle County,Baileyville,61007
,Ogle County,Byron,61010
,Boone County,Caledonia,61011
,Boone County,Capron,61012
,Stephenson County,Cedarville,61013
,Carroll County,Chadwick,61014
,Ogle County,Chana,61015
,Stephenson County,Dakota,61018
,Stephenson County,Davis,61019
,Ogle County,Davis Junction,61020
,Winnebago County,Durand,61024
,Jo Daviess County,East Dubuque,61025
,Stephenson County,Eleroy,61027
,Jo Daviess County,Elizabeth,61028
,Ogle County,Forreston,61030
,Lee County,Franklin Grove,61031
,Jo Daviess County,Galena,61036
,Whiteside County,Galt,61037
,Boone County,Garden Prairie,61038
,Stephenson County,German Valley,61039
,Jo Daviess County,Hanover,61041
,Lee County,Harmon,61042
,Ogle County,Holcomb,61043
,Stephenson County,Kent,61044
,Carroll County,Lanark,61046
,Ogle County,Leaf River,61047
,Stephenson County,Lena,61048
,Ogle County,Lindenwood,61049
,Stephenson County,Mc Connell,61050
,Carroll County,Milledgeville,61051
,Ogle County,Monroe Center,61052
,Carroll County,Mount Carroll,61053
,Ogle County,Mount Morris,61054
,Lee County,Nachusa,61057
,Jo Daviess County,Nora,61059
,Stephenson County,Orangeville,61060
,Ogle County,Oregon,61061
,Stephenson County,Pearl City,61062
,Winnebago County,Pecatonica,61063
,Stephenson County,Ridott,61067
,Stephenson County,Rock City,61070
,Carroll County,Savanna,61074
,Jo Daviess County,Scales Mound,61075
,Winnebago County,Seward,61077
,Carroll County,Shannon,61078
,Winnebago County,Shirland,61079
,Jo Daviess County,Stockton,61085
,Jo Daviess County,Warren,61087
,Winnebago County,Winnebago,61088
,Stephenson County,Winslow,61089
,Ogle County,Woosung,61091
,Winnebago County,Rockford,61105
,Winnebago County,Rockford,61106
,Winnebago County,Rockford,61110
,Winnebago County,Rockford,61112
,Winnebago County,Rockford,61125
,Winnebago County,Rockford,61126
,Winnebago County,Loves Park,61130
,Winnebago County,Loves Park,61131
,Winnebago County,Loves Park,61132
,Rock Island County,Rock Island,61204
,Whiteside County,Albany,61230
,Mercer County,Aledo,61231
,Rock Island County,Andalusia,61232
,Henry County,Andover,61233
,Henry County,Annawan,61234
,Rock Island County,Barstow,61236
,Rock Island County,Buffalo Prairie,61237
,Henry County,Cambridge,61238
,Rock Island County,Carbon Cliff,61239
,Rock Island County,Cordova,61242
,Whiteside County,Deer Grove,61243
,Whiteside County,Erie,61250
,Whiteside County,Fenton,61251
,Rock Island County,Hampton,61256
,Rock Island County,Hillsdale,61257
,Henry County,Hooppole,61258
,Rock Island County,Illinois City,61259
,Mercer County,Joy,61260
,Whiteside County,Lyndon,61261
,Henry County,Lynn Center,61262
,Mercer County,Matherville,61263
,Rock Island County,Moline,61266
,Mercer County,New Boston,61272
,Henry County,Orion,61273
,Henry County,Osco,61274
,Mercer County,Preemption,61276
,Whiteside County,Prophetstown,61277
,Rock Island County,Rapids City,61278
,Rock Island County,Reynolds,61279
,Mercer County,Sherrard,61281
,Whiteside County,Tampico,61283
,Rock Island County,Taylor Ridge,61284
,Carroll County,Thomson,61285
,Rock Island County,Rock Island,61299
,LaSalle County,La Salle,61301
,Lee County,Amboy,61310
,Livingston County,Ancona,61311
,Bureau County,Arlington,61312
,Livingston County,Blackstone,61313
,Bureau County,Buda,61314
,Bureau County,Bureau,61315
,LaSalle County,Cedar Point,61316
,Bureau County,Cherry,61317
,Lee County,Compton,61318
,Livingston County,Cornell,61319
,Bureau County,Dalzell,61320
,LaSalle County,Dana,61321
,Bureau County,Depue,61322
,Bureau County,Dover,61323
,Lee County,Eldena,61324
,LaSalle County,Grand Ridge,61325
,Putnam County,Granville,61326
,Putnam County,Hennepin,61327
,Bureau County,Kasbeer,61328
,Bureau County,Ladd,61329
,Bureau County,La Moille,61330
,Lee County,Lee Center,61331
,LaSalle County,Leonore,61332
,Livingston County,Long Point,61333
,LaSalle County,Lostant,61334
,Putnam County,Mc Nabb,61335
,Putnam County,Magnolia,61336
,Bureau County,Malden,61337
,Bureau County,Manlius,61338
,Putnam County,Mark,61340
,Bureau County,Mineral,61344
,Bureau County,Neponset,61345
,Bureau County,New Bedford,61346
,LaSalle County,Oglesby,61348
,Bureau County,Ohio,61349
,Lee County,Paw Paw,61353
,LaSalle County,Peru,61354
,LaSalle County,Rutland,61358
,Bureau County,Seatonville,61359
,LaSalle County,Seneca,61360
,Bureau County,Sheffield,61361
,Bureau County,Spring Valley,61362
,Putnam County,Standard,61363
,LaSalle County,Streator,61364
,Lee County,Sublette,61367
,Bureau County,Tiskilwa,61368
,Marshall County,Toluca,61369
,LaSalle County,Tonica,61370
,La Salle County,Triumph,61371
,LaSalle County,Troy Grove,61372
,LaSalle County,Utica,61373
,Bureau County,Van Orin,61374
,Marshall County,Varna,61375
,Bureau County,Walnut,61376
,Marshall County,Wenona,61377
,Lee County,West Brooklyn,61378
,Bureau County,Wyanet,61379
,Knox County,Galesburg,61402
,Knox County,Abingdon,61410
,McDonough County,Adair,61411
,Warren County,Alexis,61412
,Henry County,Alpha,61413
,Knox County,Altona,61414
,Fulton County,Avon,61415
,McDonough County,Bardolph,61416
,Warren County,Berwick,61417
,Henderson County,Biggsville,61418
,Henry County,Bishop Hill,61419
,McDonough County,Blandinsville,61420
,Stark County,Bradford,61421
,McDonough County,Bushnell,61422
,Warren County,Cameron,61423
,Marshall County,Camp Grove,61424
,Henderson County,Carman,61425
,Stark County,Castleton,61426
,Fulton County,Cuba,61427
,Knox County,Dahinda,61428
,Knox County,East Galesburg,61430
,Fulton County,Ellisville,61431
,Fulton County,Fairview,61432
,Fulton County,Fiatt,61433
,Henry County,Galva,61434
,Warren County,Gerlaw,61435
,Knox County,Gilson,61436
,Henderson County,Gladstone,61437
,McDonough County,Good Hope,61438
,Knox County,Henderson,61439
,McDonough County,Industry,61440
,Fulton County,Ipava,61441
,Mercer County,Keithsburg,61442
,Warren County,Kirkwood,61447
,Knox County,Knoxville,61448
,Stark County,La Fayette,61449
,Hancock County,La Harpe,61450
,Peoria County,Laura,61451
,Schuyler County,Littleton,61452
,Warren County,Little York,61453
,Henderson County,Lomax,61454
,Knox County,Maquon,61458
,Fulton County,Marietta,61459
,Henderson County,Media,61460
,Mercer County,New Windsor,61465
,Mercer County,North Henderson,61466
,Knox County,Oneida,61467
,Henry County,Ophiem,61468
,Henderson County,Oquawka,61469
,McDonough County,Prairie City,61470
,Henderson County,Raritan,61471
,Knox County,Rio,61472
,Warren County,Roseville,61473
,Knox County,Saint Augustine,61474
,McDonough County,Sciota,61475
,Mercer County,Seaton,61476
,Fulton County,Smithfield,61477
,Warren County,Smithshire,61478
,Stark County,Speer,61479
,Henderson County,Stronghurst,61480
,Fulton County,Table Grove,61482
,Stark County,Toulon,61483
,Fulton County,Vermont,61484
,Knox County,Victoria,61485
,Mercer County,Viola,61486
,Knox County,Wataga,61488
,Knox County,Williamsfield,61489
,Henry County,Woodhull,61490
,Stark County,Wyoming,61491
,Fulton County,Astoria,61501
,Woodford County,Benson,61516
,Peoria County,Brimfield,61517
,Fulton County,Bryant,61519
,Fulton County,Canton,61520
,Peoria County,Chillicothe,61523
,Fulton County,Dunfermline,61524
,Peoria County,Edelstein,61526
,Peoria County,Edwards,61528
,Peoria County,Elmwood,61529
,Woodford County,Eureka,61530
,Fulton County,Farmington,61531
,Mason County,Forest City,61532
,Peoria County,Glasford,61533
,Tazewell County,Green Valley,61534
,Tazewell County,Groveland,61535
,Peoria County,Hanna City,61536
,Marshall County,Henry,61537
,Peoria County,Kingston Mines,61539
,Marshall County,Lacon,61540
,Marshall County,La Rose,61541
,Fulton County,Lewistown,61542
,Fulton County,Liverpool,61543
,Fulton County,London Mills,61544
,Woodford County,Lowpoint,61545
,Mason County,Manito,61546
,Peoria County,Mapleton,61547
,Tazewell County,Morton,61550
,Peoria County,Mossville,61552
,Fulton County,Norris,61553
,Tazewell County,Pekin,61555
,Tazewell County,Pekin,61558
,Peoria County,Princeville,61559
,Putnam County,Putnam,61560
,Woodford County,Roanoke,61561
,Peoria County,Rome,61562
,Fulton County,Saint David,61563
,Tazewell County,South Pekin,61564
,Marshall County,Sparland,61565
,Mason County,Topeka,61567
,Tazewell County,Tremont,61568
,Peoria County,Trivoli,61569
,Woodford County,Washburn,61570
,Tazewell County,Washington,61571
,Knox County,Yates City,61572
,Peoria County,Peoria,61601
,Peoria County,Peoria,61602
,Peoria County,Peoria,61606
,Peoria County,Peoria,61607
,Tazewell County,Creve Coeur,61610
,Peoria County,Peoria,61612
,Peoria County,Peoria,61613
,Peoria County,Peoria Heights,61616
,Peoria County,Peoria,61625
,Peoria County,Peoria,61629
,Peoria County,Peoria,61630
,Peoria County,Peoria,61633
,Peoria County,Peoria,61634
,Peoria County,East Peoria,61635
,Peoria County,Peoria,61636
,Peoria County,Peoria,61637
,Peoria County,Peoria,61638
,Peoria County,Peoria,61639
,Peoria County,Peoria,61641
,Peoria County,Peoria,61643
,Peoria County,Peoria,61650
,Peoria County,Peoria,61651
,Peoria County,Peoria,61652
,Peoria County,Peoria,61653
,Peoria County,Peoria,61654
,Peoria County,Peoria,61655
,Peoria County,Peoria,61656
,Mclean County,Bloomington,61702
,Mclean County,Bloomington,61709
,Mclean County,Bloomington,61710
,McLean County,Anchor,61720
,Tazewell County,Armington,61721
,McLean County,Arrowsmith,61722
,Logan County,Atlanta,61723
,McLean County,Bellflower,61724
,McLean County,Carlock,61725
,McLean County,Chenoa,61726
,De Witt County,Clinton,61727
,McLean County,Colfax,61728
,Woodford County,Congerville,61729
,McLean County,Cooksville,61730
,McLean County,Cropsey,61731
,McLean County,Danvers,61732
,Tazewell County,Deer Creek,61733
,Tazewell County,Delavan,61734
,De Witt County,Dewitt,61735
,McLean County,Downs,61736
,McLean County,Ellsworth,61737
,Woodford County,El Paso,61738
,Livingston County,Fairbury,61739
,Livingston County,Flanagan,61740
,Livingston County,Forrest,61741
,Woodford County,Goodfield,61742
,Livingston County,Graymont,61743
,McLean County,Gridley,61744
,McLean County,Heyworth,61745
,Tazewell County,Hopedale,61747
,McLean County,Hudson,61748
,De Witt County,Kenney,61749
,De Witt County,Lane,61750
,Logan County,Lawndale,61751
,McLean County,Le Roy,61752
,McLean County,Lexington,61753
,McLean County,Mc Lean,61754
,Tazewell County,Mackinaw,61755
,Macon County,Maroa,61756
,Mclean County,Merna,61758
,Tazewell County,Minier,61759
,Woodford County,Minonk,61760
,Livingston County,Saunemin,61769
,McLean County,Saybrook,61770
,Woodford County,Secor,61771
,McLean County,Shirley,61772
,Ford County,Sibley,61773
,McLean County,Stanford,61774
,Livingston County,Strawn,61775
,McLean County,Towanda,61776
,De Witt County,Wapella,61777
,De Witt County,Waynesville,61778
,Mclean County,Normal,61790
,Mclean County,Bloomington,61791
,Mclean County,Bloomington,61799
,Champaign County,Urbana,61803
,Vermilion County,Allerton,61810
,Vermilion County,Alvin,61811
,Vermilion County,Armstrong,61812
,Piatt County,Bement,61813
,Vermilion County,Bismarck,61814
,Champaign County,Bondville,61815
,Champaign County,Broadlands,61816
,Vermilion County,Catlin,61817
,Piatt County,Cerro Gordo,61818
,Champaign County,Champaign,61824
,Champaign County,Champaign,61825
,Champaign County,Champaign,61826
,Piatt County,Cisco,61830
,Vermilion County,Collison,61831
,Vermilion County,Tilton,61833
,Vermilion County,Danville,61834
,Piatt County,De Land,61839
,Champaign County,Dewey,61840
,Vermilion County,Fairmount,61841
,De Witt County,Farmer City,61842
,Champaign County,Fisher,61843
,Vermilion County,Fithian,61844
,Champaign County,Foosland,61845
,Vermilion County,Georgetown,61846
,Champaign County,Gifford,61847
,Vermilion County,Henning,61848
,Champaign County,Homer,61849
,Vermilion County,Indianola,61850
,Champaign County,Ivesdale,61851
,Champaign County,Longview,61852
,Piatt County,Mansfield,61854
,Piatt County,Milmine,61855
,Piatt County,Monticello,61856
,Vermilion County,Muncie,61857
,Vermilion County,Oakwood,61858
,Champaign County,Ogden,61859
,Champaign County,Penfield,61862
,Champaign County,Pesotum,61863
,Champaign County,Philo,61864
,Vermilion County,Potomac,61865
,Vermilion County,Ridge Farm,61870
,Champaign County,Royal,61871
,Champaign County,Sadorus,61872
,Champaign County,Saint Joseph,61873
,Champaign County,Seymour,61875
,Vermilion County,Sidell,61876
,Champaign County,Sidney,61877
,Champaign County,Thomasboro,61878
,Champaign County,Tolono,61880
,De Witt County,Weldon,61882
,Vermilion County,Westville,61883
,Piatt County,White Heath,61884
,Douglas County,Arthur,61911
,Coles County,Ashmore,61912
,Douglas County,Atwood,61913
,Moultrie County,Bethany,61914
,Edgar County,Brocton,61917
,Douglas County,Camargo,61919
,Edgar County,Chrisman,61924
,Moultrie County,Dalton City,61925
,Moultrie County,Gays,61928
,Piatt County,Hammond,61929
,Douglas County,Hindsboro,61930
,Coles County,Humboldt,61931
,Edgar County,Hume,61932
,Edgar County,Kansas,61933
,Piatt County,La Place,61936
,Moultrie County,Lovington,61937
,Edgar County,Metcalf,61940
,Douglas County,Murdock,61941
,Douglas County,Newman,61942
,Coles County,Oakland,61943
,Edgar County,Paris,61944
,Edgar County,Redmon,61949
,Moultrie County,Sullivan,61951
,Edgar County,Vermilion,61955
,Douglas County,Villa Grove,61956
,Shelby County,Windsor,61957
,Madison County,Alhambra,62001
,Calhoun County,Batchtown,62006
,Macoupin County,Benld,62009
,Fayette County,Bingham,62011
,Macoupin County,Brighton,62012
,Calhoun County,Brussels,62013
,Macoupin County,Bunker Hill,62014
,Montgomery County,Butler,62015
,Greene County,Carrollton,62016
,Montgomery County,Coffeen,62017
,Madison County,Cottage Hills,62018
,Montgomery County,Donnellson,62019
,Madison County,Dorsey,62021
,Jersey County,Dow,62022
,Macoupin County,Eagarville,62023
,Madison County,Edwardsville,62026
,Greene County,Eldred,62027
,Jersey County,Elsah,62028
,Jersey County,Fidelity,62030
,Jersey County,Fieldon,62031
,Montgomery County,Fillmore,62032
,Macoupin County,Gillespie,62033
,Calhoun County,Golden Eagle,62036
,Jersey County,Grafton,62037
,Greene County,Greenfield,62044
,Calhoun County,Hamburg,62045
,Madison County,Hamel,62046
,Calhoun County,Hardin,62047
,Madison County,Hartford,62048
,Montgomery County,Hillsboro,62049
,Greene County,Hillview,62050
,Montgomery County,Irving,62051
,Calhoun County,Kampsville,62053
,Greene County,Kane,62054
,Madison County,Livingston,62058
,St. Clair County,Lovejoy,62059
,Madison County,Marine,62061
,Macoupin County,Medora,62063
,Calhoun County,Michael,62065
,Madison County,Moro,62067
,Calhoun County,Mozier,62070
,St. Clair County,National Stock Yards,62071
,Madison County,New Douglas,62074
,Montgomery County,Nokomis,62075
,Montgomery County,Ohlman,62076
,Montgomery County,Panama,62077
,Greene County,Patterson,62078
,Macoupin County,Piasa,62079
,Fayette County,Ramsey,62080
,Greene County,Rockbridge,62081
,Greene County,Roodhouse,62082
,Christian County,Rosamond,62083
,Madison County,Roxana,62084
,Macoupin County,Sawyerville,62085
,Bond County,Sorento,62086
,Madison County,South Roxana,62087
,Montgomery County,Taylor Springs,62089
,Montgomery County,Walshville,62091
,Greene County,White Hall,62092
,Macoupin County,Wilsonville,62093
,Montgomery County,Witt,62094
,Madison County,Worden,62097
,Greene County,Wrights,62098
,St. Clair County,East Saint Louis,62202
,Washington County,Addieville,62214
,Clinton County,Albers,62215
,Clinton County,Aviston,62216
,Randolph County,Baldwin,62217
,Clinton County,Bartelso,62218
,Clinton County,Beckemeyer,62219
,St. Clair County,Belleville,62222
,St. Clair County,Mascoutah,62224
,St. Clair County,Scott Air Force Base,62225
,Randolph County,Coulterville,62237
,Perry County,Cutler,62238
,St. Clair County,East Carondelet,62240
,Randolph County,Ellis Grove,62241
,Randolph County,Evansville,62242
,St. Clair County,Freeburg,62243
,Monroe County,Fults,62244
,Clinton County,Germantown,62245
,Bond County,Greenville,62246
,Fayette County,Hagarstown,62247
,Monroe County,Hecker,62248
,Clinton County,Hoffman,62250
,Clinton County,Huey,62252
,Bond County,Keyesport,62253
,St. Clair County,Lenzburg,62255
,Monroe County,Maeystown,62256
,Randolph County,Menard,62259
,St. Clair County,Millstadt,62260
,Randolph County,Modoc,62261
,Bond County,Mulberry Grove,62262
,Washington County,Nashville,62263
,St. Clair County,New Athens,62264
,Clinton County,New Memphis,62266
,Washington County,Oakdale,62268
,Washington County,Okawville,62271
,Bond County,Pierron,62273
,Bond County,Pocahontas,62275
,Randolph County,Prairie Du Rocher,62277
,Monroe County,Renault,62279
,Randolph County,Rockwood,62280
,Madison County,Saint Jacob,62281
,St. Clair County,Saint Libory,62282
,Bond County,Smithboro,62284
,St. Clair County,Summerfield,62289
,Randolph County,Tilden,62292
,Clinton County,Trenton,62293
,Randolph County,Walsh,62297
,Adams County,Quincy,62306
,Hancock County,Augusta,62311
,Pike County,Barry,62312
,Hancock County,Basco,62313
,Pike County,Baylis,62314
,Hancock County,Bowen,62316
,Schuyler County,Camden,62319
,Adams County,Camp Point,62320
,Hancock County,Carthage,62321
,Pike County,Chambersburg,62323
,Adams County,Clayton,62324
,Adams County,Coatsburg,62325
,McDonough County,Colchester,62326
,Hancock County,Colusa,62329
,Hancock County,Dallas City,62330
,Hancock County,Elvaston,62334
,Hancock County,Ferris,62336
,Adams County,Fowler,62338
,Adams County,Golden,62339
,Pike County,Griggsville,62340
,Hancock County,Hamilton,62341
,Pike County,Hull,62343
,Schuyler County,Huntsville,62344
,Pike County,Kinderhook,62345
,Adams County,La Prairie,62346
,Adams County,Liberty,62347
,Adams County,Lima,62348
,Adams County,Loraine,62349
,Adams County,Mendon,62351
,Pike County,Milton,62352
,Brown County,Mount Sterling,62353
,Hancock County,Nauvoo,62354
,Pike County,Nebo,62355
,Pike County,New Canton,62356
,Pike County,New Salem,62357
,Hancock County,Niota,62358
,Adams County,Paloma,62359
,Adams County,Payson,62360
,Pike County,Pearl,62361
,Pike County,Perry,62362
,Pike County,Pittsfield,62363
,Adams County,Plainville,62365
,Pike County,Pleasant Hill,62366
,Hancock County,Plymouth,62367
,Pike County,Rockport,62370
,Hancock County,Sutter,62373
,McDonough County,Tennessee,62374
,Brown County,Timewell,62375
,Adams County,Ursa,62376
,Brown County,Versailles,62378
,Hancock County,Warsaw,62379
,Hancock County,West Point,62380
,Effingham County,Effingham,62401
,Wabash County,Allendale,62410
,Effingham County,Altamont,62411
,Crawford County,Annapolis,62413
,Fayette County,Beecher City,62414
,Lawrence County,Bridgeport,62417
,Fayette County,Brownstown,62418
,Richland County,Calhoun,62419
,Clark County,Casey,62420
,Richland County,Claremont,62421
,Shelby County,Cowden,62422
,Clark County,Dennison,62423
,Effingham County,Dieterich,62424
,Richland County,Dundas,62425
,Effingham County,Edgewood,62426
,Crawford County,Flat Rock,62427
,Cumberland County,Greenup,62428
,Shelby County,Herrick,62431
,Jasper County,Hidalgo,62432
,Crawford County,Hutsonville,62433
,Clay County,Ingraham,62434
,Coles County,Janesville,62435
,Cumberland County,Jewett,62436
,Shelby County,Lakewood,62438
,Lawrence County,Lawrenceville,62439
,Coles County,Lerna,62440
,Clark County,Marshall,62441
,Clark County,Martinsville,62442
,Effingham County,Mason,62443
,Shelby County,Mode,62444
,Cumberland County,Montrose,62445
,Wayne County,Mount Erie,62446
,Cumberland County,Neoga,62447
,Crawford County,Oblong,62449
,Richland County,Olney,62450
,Crawford County,Palestine,62451
,Richland County,Parkersburg,62452
,Fayette County,Saint Elmo,62458
,Jasper County,Sainte Marie,62459
,Lawrence County,Saint Francisville,62460
,Effingham County,Shumway,62461
,Shelby County,Sigel,62462
,Shelby County,Stewardson,62463
,Crawford County,Stoy,62464
,Shelby County,Strasburg,62465
,Lawrence County,Sumner,62466
,Effingham County,Teutopolis,62467
,Cumberland County,Toledo,62468
,Cumberland County,Trilla,62469
,Effingham County,Watson,62473
,Clark County,Westfield,62474
,Jasper County,West Liberty,62475
,Edwards County,West Salem,62476
,Clark County,West Union,62477
,Crawford County,West York,62478
,Jasper County,Wheeler,62479
,Jasper County,Willow Hill,62480
,Jasper County,Yale,62481
,Macon County,Argenta,62501
,Christian County,Assumption,62510
,Logan County,Beason,62512
,Macon County,Blue Mound,62513
,Macon County,Boody,62514
,Sangamon County,Buffalo,62515
,Christian County,Bulpitt,62517
,Logan County,Chestnut,62518
,Logan County,Cornland,62519
,Sangamon County,Dawson,62520
,Macon County,Decatur,62523
,Macon County,Decatur,62524
,Macon County,Decatur,62525
,Sangamon County,Divernon,62530
,Christian County,Edinburg,62531
,Macon County,Elwin,62532
,Montgomery County,Farmersville,62533
,Shelby County,Findlay,62534
,Macon County,Forsyth,62535
,Sangamon County,Glenarm,62536
,Macon County,Harristown,62537
,Montgomery County,Harvel,62538
,Sangamon County,Illiopolis,62539
,Christian County,Kincaid,62540
,Logan County,Lake Fork,62541
,Logan County,Latham,62543
,Macon County,Macon,62544
,Sangamon County,Mechanicsburg,62545
,Christian County,Morrisonville,62546
,Christian County,Mount Auburn,62547
,Logan County,Mount Pulaski,62548
,Macon County,Mt Zion,62549
,Shelby County,Moweaqua,62550
,Macon County,Niantic,62551
,Shelby County,Oconee,62553
,Macon County,Oreana,62554
,Christian County,Owaneco,62555
,Christian County,Palmer,62556
,Christian County,Pana,62557
,Sangamon County,Pawnee,62558
,Montgomery County,Raymond,62560
,Sangamon County,Riverton,62561
,Sangamon County,Rochester,62563
,Christian County,Stonington,62567
,Christian County,Tovey,62570
,Shelby County,Tower Hill,62571
,Montgomery County,Waggoner,62572
,Macon County,Warrensburg,62573
,Morgan County,Alexander,62601
,Scott County,Alsey,62610
,Cass County,Arenzville,62611
,Cass County,Ashland,62612
,Menard County,Athens,62613
,Sangamon County,Auburn,62615
,Mason County,Bath,62617
,Scott County,Bluffs,62621
,Cass County,Bluff Springs,62622
,Schuyler County,Browning,62624
,Sangamon County,Cantrall,62625
,Macoupin County,Carlinville,62626
,Cass County,Chandlerville,62627
,Morgan County,Chapin,62628
,Macoupin County,Chesterfield,62630
,Morgan County,Concord,62631
,Mason County,Easton,62633
,Logan County,Elkhart,62634
,Logan County,Emden,62635
,Morgan County,Franklin,62638
,Schuyler County,Frederick,62639
,Macoupin County,Girard,62640
,Menard County,Greenview,62642
,Logan County,Hartsburg,62643
,Mason County,Havana,62644
,Macoupin County,Hettick,62649
,Morgan County,Jacksonville,62651
,Mason County,Kilbourne,62655
,Menard County,Lincolns New Salem,62659
,Morgan County,Literberry,62660
,Sangamon County,Loami,62661
,Sangamon County,Lowder,62662
,Scott County,Manchester,62663
,Morgan County,Meredosia,62665
,Logan County,Middletown,62666
,Macoupin County,Modesto,62667
,Morgan County,Murrayville,62668
,Sangamon County,New Berlin,62670
,Logan County,New Holland,62671
,Macoupin County,Nilwood,62672
,Menard County,Oakford,62673
,Macoupin County,Palmyra,62674
,Menard County,Petersburg,62675
,Sangamon County,Pleasant Plains,62677
,Schuyler County,Rushville,62681
,Mason County,San Jose,62682
,Macoupin County,Scottville,62683
,Macoupin County,Shipman,62685
,Menard County,Tallula,62688
,Sangamon County,Thayer,62689
,Macoupin County,Virden,62690
,Cass County,Virginia,62691
,Morgan County,Waverly,62692
,Sangamon County,Williamsville,62693
,Scott County,Winchester,62694
,Morgan County,Woodson,62695
,Sangamon County,Springfield,62701
,Sangamon County,Springfield,62705
,Sangamon County,Springfield,62706
,Sangamon County,Springfield,62708
,Sangamon County,Springfield,62712
,Sangamon County,Springfield,62713
,Sangamon County,Springfield,62715
,Sangamon County,Springfield,62716
,Sangamon County,Springfield,62719
,Sangamon County,Springfield,62721
,Sangamon County,Springfield,62722
,Sangamon County,Springfield,62723
,Sangamon County,Springfield,62726
,Sangamon County,Springfield,62736
,Sangamon County,Springfield,62739
,Sangamon County,Springfield,62746
,Sangamon County,Springfield,62756
,Sangamon County,Springfield,62757
,Sangamon County,Springfield,62761
,Sangamon County,Springfield,62762
,Sangamon County,Springfield,62763
,Sangamon County,Springfield,62764
,Sangamon County,Springfield,62765
,Sangamon County,Springfield,62766
,Sangamon County,Springfield,62767
,Sangamon County,Springfield,62769
,Sangamon County,Springfield,62776
,Sangamon County,Springfield,62777
,Sangamon County,Springfield,62781
,Sangamon County,Springfield,62786
,Sangamon County,Springfield,62791
,Sangamon County,Springfield,62794
,Sangamon County,Springfield,62796
,Washington County,Hoyleton,62803
,Franklin County,Akin,62805
,Edwards County,Albion,62806
,Marion County,Alma,62807
,Washington County,Ashley,62808
,Wayne County,Barnhill,62809
,Jefferson County,Belle Rive,62810
,Wabash County,Bellmont,62811
,Franklin County,Benton,62812
,Jefferson County,Bluford,62814
,Edwards County,Bone Gap,62815
,Jefferson County,Bonnie,62816
,Hamilton County,Broughton,62817
,Edwards County,Browns,62818
,Franklin County,Buckner,62819
,White County,Burnt Prairie,62820
,White County,Carmi,62821
,Franklin County,Christopher,62822
,Wayne County,Cisne,62823
,Clay County,Clay City,62824
,Franklin County,Coello,62825
,White County,Crossville,62827
,Hamilton County,Dahlgren,62828
,Hamilton County,Dale,62829
,Jefferson County,Dix,62830
,Washington County,Du Bois,62831
,Wayne County,Ellery,62833
,White County,Emma,62834
,White County,Enfield,62835
,Franklin County,Ewing,62836
,Wayne County,Fairfield,62837
,Fayette County,Farina,62838
,Clay County,Flora,62839
,Franklin County,Frankfort Heights,62840
,Williamson County,Freeman Spur,62841
,Wayne County,Geff,62842
,Wayne County,Golden Gate,62843
,White County,Grayville,62844
,Jefferson County,Ina,62846
,Washington County,Irvington,62848
,Marion County,Iuka,62849
,Wayne County,Johnsonville,62850
,Wayne County,Keenes,62851
,Wabash County,Keensburg,62852
,Marion County,Kell,62853
,Marion County,Kinmundy,62854
,Wabash County,Lancaster,62855
,Franklin County,Logan,62856
,Fayette County,Loogootee,62857
,Clay County,Louisville,62858
,Hamilton County,Mc Leansboro,62859
,Franklin County,Macedonia,62860
,White County,Maunie,62861
,White County,Mill Shoals,62862
,Wabash County,Mount Carmel,62863
,Franklin County,Mulkeytown,62865
,Jefferson County,Nason,62866
,Gallatin County,New Haven,62867
,Richland County,Noble,62868
,White County,Norris City,62869
,Marion County,Odin,62870
,Gallatin County,Omaha,62871
,Jefferson County,Opdyke,62872
,Franklin County,Orient,62874
,Marion County,Patoka,62875
,Washington County,Radom,62876
,Washington County,Richview,62877
,Wayne County,Rinard,62878
,Clay County,Sailor Springs,62879
,Fayette County,Saint Peter,62880
,Marion County,Salem,62881
,Marion County,Sandoval,62882
,Jefferson County,Scheller,62883
,Franklin County,Sesser,62884
,Fayette County,Shobonier,62885
,Wayne County,Sims,62886
,White County,Springerton,62887
,Perry County,Tamaroa,62888
,Jefferson County,Texico,62889
,Franklin County,Thompsonville,62890
,Franklin County,Valier,62891
,Marion County,Vernon,62892
,Marion County,Walnut Hill,62893
,Jefferson County,Waltonville,62894
,Wayne County,Wayne City,62895
,Franklin County,West Frankfort,62896
,Franklin County,Whittington,62897
,Jefferson County,Woodlawn,62898
,Clay County,Xenia,62899
,Jackson County,Carbondale,62903
,Union County,Alto Pass,62905
,Massac County,Belknap,62908
,Johnson County,Boles,62909
,Massac County,Brookport,62910
,Johnson County,Buncombe,62912
,Alexander County,Cairo,62914
,Williamson County,Cambria,62915
,Jackson County,Campbell Hill,62916
,Saline County,Carrier Mills,62917
,Hardin County,Cave In Rock,62919
,Williamson County,Colp,62921
,Williamson County,Creal Springs,62922
,Johnson County,Cypress,62923
,Jackson County,De Soto,62924
,Union County,Dongola,62926
,Jackson County,Dowell,62927
,Pope County,Eddyville,62928
,Saline County,Eldorado,62930
,Hardin County,Elizabethtown,62931
,Jackson County,Elkville,62932
,Williamson County,Energy,62933
,Gallatin County,Equality,62934
,Saline County,Galatia,62935
,Pope County,Golconda,62938
,Johnson County,Goreville,62939
,Jackson County,Gorham,62940
,Pulaski County,Grand Chain,62941
,Jackson County,Grand Tower,62942
,Johnson County,Grantsburg,62943
,Saline County,Harrisburg,62946
,Hardin County,Herod,62947
,Williamson County,Hurst,62949
,Jackson County,Jacob,62950
,Williamson County,Johnston City,62951
,Union County,Jonesboro,62952
,Massac County,Joppa,62953
,Gallatin County,Junction,62954
,Hardin County,Karbers Ridge,62955
,Pulaski County,Karnak,62956
,Alexander County,Mc Clure,62957
,Jackson County,Makanda,62958
,Massac County,Metropolis,62960
,Union County,Millcreek,62961
,Alexander County,Miller City,62962
,Pulaski County,Mound City,62963
,Pulaski County,Mounds,62964
,Saline County,Muddy,62965
,Johnson County,New Burnside,62967
,Alexander County,Olive Branch,62969
,Pulaski County,Olmsted,62970
,Jackson County,Oraville,62971
,Johnson County,Ozark,62972
,Pulaski County,Perks,62973
,Williamson County,Pittsburg,62974
,Jackson County,Pomona,62975
,Pulaski County,Pulaski,62976
,Saline County,Raleigh,62977
,Gallatin County,Ridgway,62979
,Hardin County,Rosiclare,62982
,Franklin County,Royalton,62983
,Gallatin County,Shawneetown,62984
,Johnson County,Simpson,62985
,Saline County,Stonefort,62987
,Alexander County,Tamms,62988
,Alexander County,Thebes,62990
,Alexander County,Unity,62993
,Jackson County,Vergennes,62994
,Johnson County,Vienna,62995
,Pulaski County,Villa Ridge,62996
,Perry County,Willisville,62997
,Union County,Wolf Lake,62998
,Franklin County,Zeigler,62999